event_id,num_perimeters_0_5h,dt_first_last_0_5h,low_temporal_resolution_0_5h,area_first_ha,area_growth_abs_0_5h,area_growth_rel_0_5h,area_growth_rate_ha_per_h,log1p_area_first,log1p_growth,log_area_ratio_0_5h,relative_growth_0_5h,radial_growth_m,radial_growth_rate_m_per_h,centroid_displacement_m,centroid_speed_m_per_h,spread_bearing_deg,spread_bearing_sin,spread_bearing_cos,dist_min_ci_0_5h,dist_std_ci_0_5h,dist_change_ci_0_5h,dist_slope_ci_0_5h,closing_speed_m_per_h,closing_speed_abs_m_per_h,projected_advance_m,dist_accel_m_per_h2,dist_fit_r2_0_5h,alignment_cos,alignment_abs,cross_track_component,along_track_speed,event_start_hour,event_start_dayofweek,event_start_month,time_to_hit_hours,event
10892457,3,4.265188315,0,79.6963044,2.875934607,0.036086173,0.674280804,4.39069278,1.354786823,0.035450318,0.036086173,9.007182413,2.111790089,8.274970757,1.9401185,70.13050741,0.94046923,0.339878841,6166.121596,0.205085268,0.43505155,0.10909975,-0.102000549,0.102000549,-0.43505155,0.072756109,0.886373271,-0.054649077,0.054649077,-1.937219231,-0.106025686,19,4,5,18.89251185,0
11757157,2,1.169917662,0,8.946749378,0,0,0,2.297245802,0,0,0,0,0,0,0,0,0,1,2930.925956,0,0,-3.89E-13,0,0,0,0,0,-0.568898211,0.568898211,0,0,4,4,6,22.04810801,1
11945086,4,4.777526033,0,106.4826377,0,0,0,4.677329325,0,0,0,0,0,0,0,0,0,1,3272.37509,0,0,-1.39E-13,0,0,0,7.97E-14,0,0.882385438,0.882385438,0,0,22,4,8,0.888895483,1
12044083,1,0,1,67.63112471,0,0,0,4.228746145,0,0,0,0,0,0,0,0,0,1,64119.87138,0,0,0,0,0,0,0,0,0,0,0,0,20,5,8,60.95302147,0
12052347,2,4.975273027,0,35.63287351,0,0,0,3.600946021,0,0,0,0,0,0,0,0,0,1,18005.43226,0,0,3.66E-13,0,0,0,0,0,0.934634116,0.934634116,0,0,21,5,7,44.99027447,0
12773599,1,0,1,184.7676097,0,0,0,5.224496483,0,0,0,0,0,0,0,0,0,1,35232.56297,0,0,0,0,0,0,0,0,0,0,0,0,0,5,7,44.02638364,0
13122360,1,0,1,119.3642031,0,0,0,4.790522173,0,0,0,0,0,0,0,0,0,1,3530.472886,0,0,0,0,0,0,0,0,0,0,0,0,21,1,3,14.84539185,1
13745272,1,0,1,1388.283778,0,0,0,7.236543626,0,0,0,0,0,0,0,0,0,1,8038.691359,0,0,0,0,0,0,0,0,0,0,0,0,16,0,6,66.76792704,0
15247236,2,1.892775762,0,4.493970165,0,0,0,1.703651157,0,0,0,0,0,0,0,0,0,1,31758.58114,0,0,0,0,0,0,0,0,0.106322185,0.106322185,0,0,18,5,8,39.91263007,0
15743535,1,0,1,5.218524435,0,0,0,1.82753265,0,0,0,0,0,0,0,0,0,1,1995.042356,0,0,0,0,0,0,0,0,0,0,0,0,17,2,7,54.63810941,1
15846088,1,0,1,634.4801393,0,0,0,6.454380838,0,0,0,0,0,0,0,0,0,1,260304.5127,0,0,0,0,0,0,0,0,0,0,0,0,21,3,8,66.64396895,0
16870867,1,0,1,117.2198902,0,0,0,4.772546367,0,0,0,0,0,0,0,0,0,1,2702.951028,0,0,0,0,0,0,0,0,0,0,0,0,22,1,7,15.92468789,1
17127751,1,0,1,17.34201326,0,0,0,2.909194235,0,0,0,0,0,0,0,0,0,1,4262.34909,0,0,0,0,0,0,0,0,0,0,0,0,22,3,7,10.90745899,1
17735080,1,0,1,49.25825835,0,0,0,3.917174879,0,0,0,0,0,0,0,0,0,1,482691.6929,0,0,0,0,0,0,0,0,0,0,0,0,23,6,3,18.28046528,0
17888481,1,0,1,36.6834593,0,0,0,3.629221253,0,0,0,0,0,0,0,0,0,1,300641.4205,0,0,0,0,0,0,0,0,0,0,0,0,21,1,9,55.46434273,0
18032557,1,0,1,1749.278716,0,0,0,7.467530321,0,0,0,0,0,0,0,0,0,1,54957.2035,0,0,0,0,0,0,0,0,0,0,0,0,20,2,6,64.56748538,0
18104294,1,0,1,147.3579248,0,0,0,4.999627765,0,0,0,0,0,0,0,0,0,1,1742.764246,0,0,0,0,0,0,0,0,0,0,0,0,14,1,9,23.84384341,1
18150961,2,3.003965944,0,9.167085205,0,0,0,2.319155562,0,0,0,0,0,0,0,0,0,1,2965.217571,0,0,-1.51E-13,0,0,0,0,0,0.953682474,0.953682474,0,0,17,3,7,3.534845605,1
18292206,12,4.865635108,0,25.21905773,20.26269337,0.803467504,4.164449846,3.266486541,3.056954052,0.589711185,0.803467504,97.16235777,19.96910077,169.3156525,34.79826349,60.41243838,0.869602139,0.493753096,1135.260951,0,0,3.44E-13,0,0,0,-1.58E-13,0,0.437704344,0.437704344,31.28777854,15.2313511,22,6,8,5.81815958,1
18475932,1,0,1,3638.729983,0,0,0,8.199664777,0,0,0,0,0,0,0,0,0,1,495662.4937,0,0,0,0,0,0,0,0,0,0,0,0,23,0,4,66.42810308,0
18522515,1,0,1,1255.878023,0,0,0,7.136386166,0,0,0,0,0,0,0,0,0,1,7223.986277,0,0,0,0,0,0,0,0,0,0,0,0,21,5,8,37.39476051,0
18675176,1,0,1,133.1892338,0,0,0,4.899250996,0,0,0,0,0,0,0,0,0,1,34605.5164,0,0,0,0,0,0,0,0,0,0,0,0,23,4,7,24.17249952,0
19306260,1,0,1,71.41059639,0,0,0,4.282352648,0,0,0,0,0,0,0,0,0,1,45739.22238,0,0,0,0,0,0,0,0,0,0,0,0,18,3,7,66.44223063,0
19552816,1,0,1,323.0736768,0,0,0,5.780970887,0,0,0,0,0,0,0,0,0,1,754124.4345,0,0,0,0,0,0,0,0,0,0,0,0,2,2,3,61.26587258,0
19771815,7,4.308694649,0,193.3111833,35.32125262,0.182717068,8.197669016,5.269460912,3.592403042,0.167814391,0.182717068,68.65945778,15.93509482,45.71640554,10.61026814,132.6570115,0.735423206,-0.677608079,2617.383508,14.24309673,40.70303923,4.406513573,-9.446721697,9.446721697,-40.70303923,10.50067698,0.168120231,-0.888016811,0.888016811,-4.87871785,-9.422096478,8,3,8,0.523763411,1
20307683,1,0,1,37.72642641,0,0,0,3.65652222,0,0,0,0,0,0,0,0,0,1,756438.2813,0,0,0,0,0,0,0,0,0,0,0,0,21,1,3,57.64380657,0
20620516,9,4.994457123,0,106.4877065,53.8626524,0.505810991,10.7844859,4.677376483,4.004832833,0.409331614,0.505810991,132.2270894,26.47476715,450.4176981,90.18351485,95.74262729,0.994981402,-0.10006003,1784.174351,100.3574533,212.8903073,56.83809874,-42.62531484,42.62531484,-212.8903073,9.809666189,0.54293779,-0.373890171,0.373890171,83.64277382,-33.71872977,19,2,7,1.397969324,1
20698681,1,0,1,424.7882203,0,0,0,6.053942087,0,0,0,0,0,0,0,0,0,1,2684.938303,0,0,0,0,0,0,0,0,0,0,0,0,22,2,5,2.564439619,1
21481903,1,0,1,515.4908094,0,0,0,6.247057494,0,0,0,0,0,0,0,0,0,1,123439.3395,0,0,0,0,0,0,0,0,0,0,0,0,1,5,8,62.8166641,0
21530188,1,0,1,2300.009048,0,0,0,7.741103022,0,0,0,0,0,0,0,0,0,1,168375.4595,0,0,0,0,0,0,0,0,0,0,0,0,16,5,8,48.92529547,0
21692904,4,4.814281675,0,255.035402,0,0,0,5.545315724,0,0,0,0,0,0,0,0,0,1,2429.801581,0,0,-6.41E-14,0,0,0,-4.65E-14,0,0.991633788,0.991633788,0,0,19,1,9,0.584172862,1
22577693,2,3.901123272,0,65.5204179,0,0,0,4.197508937,0,0,0,0,0,0,0,0,0,1,1315.955435,0,0,-2.91E-14,0,0,0,0,0,0.574469574,0.574469574,0,0,6,3,6,5.458663007,1
22620173,1,0,1,17.77225088,0,0,0,2.932379762,0,0,0,0,0,0,0,0,0,1,2035.178565,0,0,0,0,0,0,0,0,0,0,0,0,19,6,8,37.61671081,1
22622416,1,0,1,215.7885081,0,0,0,5.378922261,0,0,0,0,0,0,0,0,0,1,281070.0072,0,0,0,0,0,0,0,0,0,0,0,0,22,3,7,66.2710855,0
23007167,1,0,1,3316.037397,0,0,0,8.106827313,0,0,0,0,0,0,0,0,0,1,73004.06017,0,0,0,0,0,0,0,0,0,0,0,0,19,4,7,63.71642466,0
23708068,1,0,1,29.92427021,0,0,0,3.431541319,0,0,0,0,0,0,0,0,0,1,125950.4087,0,0,0,0,0,0,0,0,0,0,0,0,20,3,6,18.80461026,0
23886014,1,0,1,845.1139642,0,0,0,6.74065406,0,0,0,0,0,0,0,0,0,1,3222.856454,0,0,0,0,0,0,0,0,0,0,0,0,18,3,7,3.211343435,1
24491699,1,0,1,14.9573065,0,0,0,2.769916812,0,0,0,0,0,0,0,0,0,1,2582.868335,0,0,0,0,0,0,0,0,0,0,0,0,2,0,7,14.72813988,1
24514437,1,0,1,396.0462875,0,0,0,5.984052867,0,0,0,0,0,0,0,0,0,1,299438.3618,0,0,0,0,0,0,0,0,0,0,0,0,0,2,8,66.40391279,0
24870571,1,0,1,3434.827782,0,0,0,8.14201316,0,0,0,0,0,0,0,0,0,1,40011.74105,0,0,0,0,0,0,0,0,0,0,0,0,20,3,7,65.68965437,0
24959246,1,0,1,20.17062655,0,0,0,3.052614681,0,0,0,0,0,0,0,0,0,1,255528.74,0,0,0,0,0,0,0,0,0,0,0,0,18,4,8,66.44899791,0
25027537,3,4.256380719,0,22.44041287,0.28789224,0.012829186,0.067637803,3.154461579,0.253006959,0.012747589,0.012829186,1.708926354,0.401497532,0.522577584,0.122775104,192.8720702,-0.222774925,-0.974869905,15398.26074,0.008423523,0.01786899,0.004518623,-0.004198165,0.004198165,-0.01786899,0.002799252,0.917414799,-0.036130785,0.036130785,-0.12269494,-0.004435961,2,0,6,11.25434434,0
25766655,3,3.798553041,0,35.11873173,13.09095654,0.372762793,3.446300841,3.586811615,2.645533211,0.316825339,0.372762793,57.39013944,15.10842124,128.1182149,33.72816267,107.20295,0.955263136,-0.295757234,2622.152614,41.97214273,89.03636024,25.22867172,-23.43954639,23.43954639,-89.03636024,17.51390834,0.91738632,-0.679881509,0.679881509,-24.73360321,-22.93115412,22,6,6,1.475231022,1
25909534,7,2.336493922,0,12.10249446,0.001296169,0.000107099,0.00055475,2.572802629,0.00129533,0.000107094,0.000107099,0.01051012,0.004498244,0.059484046,0.025458678,102.3229252,0.976960259,-0.213421304,4495.637587,0.019515121,-0.055769104,-0.008527466,0.023868714,0.023868714,0.055769104,-0.067844278,0.104229244,0.937066632,0.937066632,0.008888912,0.023856478,22,2,8,1.992963737,1
26151072,1,0,1,1682.296667,0,0,0,7.428509452,0,0,0,0,0,0,0,0,0,1,2832.952535,0,0,0,0,0,0,0,0,0,0,0,0,16,6,8,4.443049116,1
26429413,2,4.017882953,0,73.4086868,0,0,0,4.309572693,0,0,0,0,0,0,0,0,0,1,23677.41352,0,0,-9.05E-13,0,0,0,0,0,-0.204216877,0.204216877,0,0,23,1,6,12.82117832,0
26940253,1,0,1,1132.269317,0,0,0,7.032861935,0,0,0,0,0,0,0,0,0,1,210184.4636,0,0,0,0,0,0,0,0,0,0,0,0,22,5,7,59.77084045,0
27517432,1,0,1,16.72792353,0,0,0,2.875140997,0,0,0,0,0,0,0,0,0,1,2116.539325,0,0,0,0,0,0,0,0,0,0,0,0,20,2,8,1.577859773,1
27991695,1,0,1,6319.918369,0,0,0,8.751619788,0,0,0,0,0,0,0,0,0,1,67098.627,0,0,0,0,0,0,0,0,0,0,0,0,1,0,7,60.31399018,0
28132196,1,0,1,316.0503277,0,0,0,5.759060524,0,0,0,0,0,0,0,0,0,1,263598.9583,0,0,0,0,0,0,0,0,0,0,0,0,1,4,8,61.48176814,0
28212683,5,4.958128295,0,3.74205773,0,0,0,1.556471162,0,0,0,0,0,0,0,0,0,1,390952.4411,0,0,-1.60E-11,0,0,0,4.28E-11,0,-0.849087272,0.849087272,0,0,19,3,8,47.99702154,0
30421787,1,0,1,40.08330372,0,0,0,3.715601804,0,0,0,0,0,0,0,0,0,1,254943.4745,0,0,0,0,0,0,0,0,0,0,0,0,3,4,8,65.0849293,0
31054513,1,0,1,758.0770495,0,0,0,6.632103287,0,0,0,0,0,0,0,0,0,1,261138.9985,0,0,0,0,0,0,0,0,0,0,0,0,1,3,8,66.29603577,0
31560147,2,0.338524544,1,0.346640246,0,0,0,0.297612784,0,0,0,0,0,0,0,0,0,1,1883.107972,0,0,-6.72E-13,0,0,0,0,0,0.003611314,0.003611314,0,0,20,0,6,13.65678696,1
31948591,1,0,1,1135.608316,0,0,0,7.035803945,0,0,0,0,0,0,0,0,0,1,99977.90036,0,0,0,0,0,0,0,0,0,0,0,0,18,0,4,21.07246216,0
32093256,1,0,1,46.6042515,0,0,0,3.862922074,0,0,0,0,0,0,0,0,0,1,72614.64562,0,0,0,0,0,0,0,0,0,0,0,0,5,0,7,66.13177204,0
33502571,1,0,1,1686.850917,0,0,0,7.431211352,0,0,0,0,0,0,0,0,0,1,124717.0384,0,0,0,0,0,0,0,0,0,0,0,0,2,5,8,61.79932206,0
33928266,1,0,1,6.301274202,0,0,0,1.988048881,0,0,0,0,0,0,0,0,0,1,2670.51616,0,0,0,0,0,0,0,0,0,0,0,0,0,3,7,14.47369829,1
34027802,1,0,1,515.0204724,0,0,0,6.24614644,0,0,0,0,0,0,0,0,0,1,139177.6806,0,0,0,0,0,0,0,0,0,0,0,0,16,0,9,62.86164433,0
34501712,1,0,1,38.21645907,0,0,0,3.669096533,0,0,0,0,0,0,0,0,0,1,21807.3387,0,0,0,0,0,0,0,0,0,0,0,0,19,6,8,39.96354986,0
34889301,3,3.91346827,0,538.8039593,0,0,0,6.291206035,0,0,0,0,0,0,0,0,0,1,1187.206573,0,0,-4.12E-14,0,0,0,0,0,-0.039724922,0.039724922,0,0,22,3,8,0.064360955,1
34908295,1,0,1,298.4864311,0,0,0,5.702069111,0,0,0,0,0,0,0,0,0,1,476870.4105,0,0,0,0,0,0,0,0,0,0,0,0,21,0,7,63.96079637,0
34940889,5,4.088955947,0,58.19741306,0,0,0,4.080877843,0,0,0,0,0,0,0,0,0,1,2009.240815,0,0,3.13E-13,0,0,0,-7.51E-13,0,-0.395497807,0.395497807,0,0,19,0,8,0.001220212,1
35324503,1,0,1,177.0120725,0,0,0,5.181851371,0,0,0,0,0,0,0,0,0,1,61570.97752,0,0,0,0,0,0,0,0,0,0,0,0,3,3,8,65.57716616,0
35610300,1,0,1,100.993642,0,0,0,4.624910478,0,0,0,0,0,0,0,0,0,1,219692.3611,0,0,0,0,0,0,0,0,0,0,0,0,22,2,8,66.05308406,0
35949465,1,0,1,21.1305803,0,0,0,3.096960376,0,0,0,0,0,0,0,0,0,1,282251.3769,0,0,0,0,0,0,0,0,0,0,0,0,12,0,9,64.61591896,0
36527758,1,0,1,2.593503351,0,0,0,1.27912759,0,0,0,0,0,0,0,0,0,1,13897.58478,0,0,0,0,0,0,0,0,0,0,0,0,21,3,6,15.94961287,0
36999334,1,0,1,3.061807927,0,0,0,1.401628177,0,0,0,0,0,0,0,0,0,1,8724.627646,0,0,0,0,0,0,0,0,0,0,0,0,0,5,8,61.0719374,0
37136049,1,0,1,407.2885328,0,0,0,6.011974113,0,0,0,0,0,0,0,0,0,1,149724.4636,0,0,0,0,0,0,0,0,0,0,0,0,22,2,7,66.03053782,0
37780023,1,0,1,633.5757465,0,0,0,6.45295666,0,0,0,0,0,0,0,0,0,1,94772.87409,0,0,0,0,0,0,0,0,0,0,0,0,0,3,6,66.20297957,0
38112926,1,0,1,90.71794899,0,0,0,4.518718096,0,0,0,0,0,0,0,0,0,1,260353.7685,0,0,0,0,0,0,0,0,0,0,0,0,5,6,8,65.02322653,0
38412292,1,0,1,56.17910389,0,0,0,4.046188515,0,0,0,0,0,0,0,0,0,1,55358.11567,0,0,0,0,0,0,0,0,0,0,0,0,2,0,7,66.57004031,0
38909367,6,4.800517813,0,0.590399526,0.030236834,0.051214191,0.006298661,0.463985259,0.029788712,0.049945786,0.051214191,1.096230114,0.228356639,1.607917859,0.334946754,45.82741426,0.717244097,0.696822004,68906.90839,0.477326057,1.280800647,0.222161586,-0.266804686,0.266804686,-1.280800647,0.348412236,0.545180992,-0.797194403,0.797194403,-0.202214954,-0.267017678,22,2,7,1.286129994,0
39324200,1,0,1,1920.875526,0,0,0,7.561056824,0,0,0,0,0,0,0,0,0,1,430518.1306,0,0,0,0,0,0,0,0,0,0,0,0,20,5,2,49.5517386,0
39687487,2,1.424188072,0,2.011464239,0,0,0,1.102426419,0,0,0,0,0,0,0,0,0,1,2653.801642,0,0,0,0,0,0,0,0,0.488863685,0.488863685,0,0,19,0,9,0.743441951,1
39841201,1,0,1,53.13394041,0,0,0,3.991461353,0,0,0,0,0,0,0,0,0,1,167002.9619,0,0,0,0,0,0,0,0,0,0,0,0,23,2,7,66.01104327,0
40086180,1,0,1,1769.247929,0,0,0,7.478874889,0,0,0,0,0,0,0,0,0,1,6468.176086,0,0,0,0,0,0,0,0,0,0,0,0,13,1,9,28.60549494,0
40504901,1,0,1,4518.738109,0,0,0,8.416209331,0,0,0,0,0,0,0,0,0,1,539570.734,0,0,0,0,0,0,0,0,0,0,0,0,18,5,3,66.96691892,0
41218264,2,4.581183654,0,273.618703,0,0,0,5.615383601,0,0,0,0,0,0,0,0,0,1,5451.050457,0,0,0,0,0,0,0,0,-0.556560407,0.556560407,0,0,23,5,7,18.80777346,0
41274865,1,0,1,1668.034139,0,0,0,7.420000378,0,0,0,0,0,0,0,0,0,1,597082.5931,0,0,0,0,0,0,0,0,0,0,0,0,5,3,7,54.5506737,0
42563089,1,0,1,38.88046425,0,0,0,3.685886586,0,0,0,0,0,0,0,0,0,1,86440.83455,0,0,0,0,0,0,0,0,0,0,0,0,21,0,8,39.92113361,0
42731036,1,0,1,6.801548077,0,0,0,2.054322185,0,0,0,0,0,0,0,0,0,1,2283.942367,0,0,0,0,0,0,0,0,0,0,0,0,17,1,4,66.92046277,1
42751447,1,0,1,3216.554584,0,0,0,8.076376904,0,0,0,0,0,0,0,0,0,1,172781.1401,0,0,0,0,0,0,0,0,0,0,0,0,2,1,7,65.62142259,0
44291860,1,0,1,455.8220619,0,0,0,6.124293954,0,0,0,0,0,0,0,0,0,1,22067.16189,0,0,0,0,0,0,0,0,0,0,0,0,18,6,7,64.50388346,0
46217176,1,0,1,1109.141799,0,0,0,7.012243033,0,0,0,0,0,0,0,0,0,1,21105.90497,0,0,0,0,0,0,0,0,0,0,0,0,16,2,8,66.48903373,0
46826716,11,4.854042509,0,217.8386455,15.47132877,0.071021966,3.187308051,5.38833468,2.801621219,0.0686133,0.071021966,29.06308654,5.987398439,53.36513749,10.99395759,73.72103334,0.95990826,0.280314344,1067.998088,0,0,-1.46E-13,0,0,0,2.31E-13,0,0.739068013,0.739068013,-7.405868593,8.12528239,22,5,6,0.13031962,1
46976428,1,0,1,23.01278062,0,0,0,3.178586214,0,0,0,0,0,0,0,0,0,1,131901.5163,0,0,0,0,0,0,0,0,0,0,0,0,1,1,8,65.19984843,0
47422636,1,0,1,40.62991072,0,0,0,3.728818917,0,0,0,0,0,0,0,0,0,1,126187.1077,0,0,0,0,0,0,0,0,0,0,0,0,0,5,8,58.53215086,0
47616223,1,0,1,1101.486331,0,0,0,7.005323209,0,0,0,0,0,0,0,0,0,1,85785.07088,0,0,0,0,0,0,0,0,0,0,0,0,3,3,5,66.18994639,0
47633923,3,4.980695936,0,165.6498632,15.03255061,0.090748947,3.018162682,5.115894984,2.774621068,0.086864567,0.090748947,32.23284239,6.471553936,48.59405338,9.756478613,290.1392524,-0.938858596,0.344302973,2783.958286,18.46733374,39.17513075,8.39669284,-7.86539296,7.86539296,-39.17513075,4.872141171,0.879792275,-0.801554871,0.801554871,-5.833605624,-7.820352955,23,3,6,3.209417225,1
48888338,1,0,1,2246.589531,0,0,0,7.717613602,0,0,0,0,0,0,0,0,0,1,32619.072,0,0,0,0,0,0,0,0,0,0,0,0,17,2,8,42.30580722,0
48971236,1,0,1,34.08259108,0,0,0,3.557705027,0,0,0,0,0,0,0,0,0,1,64859.49182,0,0,0,0,0,0,0,0,0,0,0,0,21,6,7,63.75231568,0
49088441,1,0,1,424.1487475,0,0,0,6.052439102,0,0,0,0,0,0,0,0,0,1,32486.81316,0,0,0,0,0,0,0,0,0,0,0,0,20,3,6,19.16214063,0
49304487,1,0,1,0.346854015,0,0,0,0.297771514,0,0,0,0,0,0,0,0,0,1,579342.0998,0,0,0,0,0,0,0,0,0,0,0,0,23,0,3,17.63673194,0
49343570,1,0,1,599.4369082,0,0,0,6.397657571,0,0,0,0,0,0,0,0,0,1,6343.519243,0,0,0,0,0,0,0,0,0,0,0,0,9,3,6,26.52831077,0
49498922,1,0,1,526.1714721,0,0,0,6.26752587,0,0,0,0,0,0,0,0,0,1,163283.7756,0,0,0,0,0,0,0,0,0,0,0,0,23,4,8,64.43527355,0
49705111,1,0,1,1683.812872,0,0,0,7.429409782,0,0,0,0,0,0,0,0,0,1,44413.84539,0,0,0,0,0,0,0,0,0,0,0,0,4,3,6,55.81852299,0
49907151,12,4.829815077,0,200.3866525,314.0520445,1.567230355,65.02361673,5.305226705,5.752737846,0.942827632,1.567230355,480.9965474,99.58901939,654.7493713,135.5640663,59.9984337,0.866011735,0.500023675,2430.597799,325.1375709,-650.2753194,-202.2028674,134.6377261,134.6377261,650.2753194,-40.21619496,0.638521633,0.994593922,0.994593922,14.07709263,134.8311964,20,3,8,0.508562336,1
50111753,4,4.797640448,0,12.7595777,0,0,0,2.621735142,0,0,0,0,0,0,0,0,0,1,14753.23983,0,0,1.40E-12,0,0,0,2.89E-12,0,0.973129721,0.973129721,0,0,20,2,8,66.85989142,0
50154005,1,0,1,6.356731023,0,0,0,1.99561568,0,0,0,0,0,0,0,0,0,1,316360.7151,0,0,0,0,0,0,0,0,0,0,0,0,2,5,8,64.55913709,0
50232090,1,0,1,485.0925614,0,0,0,6.186399061,0,0,0,0,0,0,0,0,0,1,757700.4871,0,0,0,0,0,0,0,0,0,0,0,0,0,2,3,19.21307651,0
50442487,1,0,1,0.616722111,0,0,0,0.480400711,0,0,0,0,0,0,0,0,0,1,81882.64788,0,0,0,0,0,0,0,0,0,0,0,0,1,5,8,14.67000099,0
50534601,1,0,1,298.3108766,0,0,0,5.701482754,0,0,0,0,0,0,0,0,0,1,452829.413,0,0,0,0,0,0,0,0,0,0,0,0,21,2,3,14.98156055,0
51019821,1,0,1,14.82126172,0,0,0,2.761354714,0,0,0,0,0,0,0,0,0,1,5964.975325,0,0,0,0,0,0,0,0,0,0,0,0,21,3,5,61.37140299,0
51167521,1,0,1,16.02364531,0,0,0,2.834603279,0,0,0,0,0,0,0,0,0,1,174239.6147,0,0,0,0,0,0,0,0,0,0,0,0,3,6,7,64.06834065,0
51302326,1,0,1,440.9407094,0,0,0,6.091175732,0,0,0,0,0,0,0,0,0,1,1330.811132,0,0,0,0,0,0,0,0,0,0,0,0,9,1,9,8.173316427,1
51568885,1,0,1,296.9957158,0,0,0,5.69707911,0,0,0,0,0,0,0,0,0,1,203026.6576,0,0,0,0,0,0,0,0,0,0,0,0,23,2,8,66.99447413,0
51688491,7,2.078191774,0,51.10061132,42.85653966,0.838669804,20.62203316,3.953176682,3.780923845,0.609042368,0.838669804,143.5682251,69.08324194,305.27238,146.8932674,85.28463658,0.99661538,0.082205746,7468.561661,0.99727455,-2.849949411,-0.435127435,1.371360164,1.371360164,2.849949411,-5.273702073,0.084777206,0.030361523,0.030361523,146.8255471,4.459903341,21,0,5,64.3224388,0
52259907,2,3.289158094,0,21.82927895,0,0,0,3.128043877,0,0,0,0,0,0,0,0,0,1,2297.207311,0,0,-2.07E-13,0,0,0,0,0,0.9690647,0.9690647,0,0,1,0,7,43.84668292,1
52398567,1,0,1,18.0216119,0,0,0,2.945575801,0,0,0,0,0,0,0,0,0,1,9389.595312,0,0,0,0,0,0,0,0,0,0,0,0,4,5,7,32.8087113,0
52440944,1,0,1,110.1492502,0,0,0,4.710873895,0,0,0,0,0,0,0,0,0,1,311444.6242,0,0,0,0,0,0,0,0,0,0,0,0,20,1,8,62.527577,0
52813329,1,0,1,185.1013086,0,0,0,5.226291195,0,0,0,0,0,0,0,0,0,1,2090.968834,0,0,0,0,0,0,0,0,0,0,0,0,0,4,7,2.661197376,1
54163612,1,0,1,11942.39211,0,0,0,9.387933443,0,0,0,0,0,0,0,0,0,1,131874.4311,0,0,0,0,0,0,0,0,0,0,0,0,2,5,8,66.72742123,0
54555851,7,4.499117035,0,39.33410807,130.7757901,3.324742737,29.06699006,3.697197465,4.881101919,1.464352636,3.324742737,382.0086782,84.90747746,514.2123754,114.2918425,64.65993601,0.903783499,0.427989937,3346.852589,29.13582445,-83.26255367,-5.37580032,18.50642093,18.50642093,83.26255367,-38.58614207,0.072763694,0.231012351,0.231012351,-111.2003416,26.40282725,16,0,8,3.791231432,1
54606261,1,0,1,386.2028323,0,0,0,5.95894867,0,0,0,0,0,0,0,0,0,1,2511.317835,0,0,0,0,0,0,0,0,0,0,0,0,6,2,8,7.611519684,1
55031524,2,2.998805858,0,34.25063103,0,0,0,3.562483431,0,0,0,0,0,0,0,0,0,1,4163.557385,0,0,-3.03E-13,0,0,0,0,0,-0.071696597,0.071696597,0,0,21,6,6,5.465545102,1
55093960,1,0,1,425.0916551,0,0,0,6.054654476,0,0,0,0,0,0,0,0,0,1,28057.54085,0,0,0,0,0,0,0,0,0,0,0,0,22,6,5,47.00133108,0
55451314,1,0,1,183.3126469,0,0,0,5.216633483,0,0,0,0,0,0,0,0,0,1,1523.595651,0,0,0,0,0,0,0,0,0,0,0,0,0,0,7,4.457485441,1
56190238,2,1.356106969,0,135.487866,0,0,0,4.916235717,0,0,0,0,0,0,0,0,0,1,1275.516953,0,0,0,0,0,0,0,0,-0.879358882,0.879358882,0,0,22,3,8,0.547744816,1
56860504,1,0,1,1671.49953,0,0,0,7.422074511,0,0,0,0,0,0,0,0,0,1,371683.219,0,0,0,0,0,0,0,0,0,0,0,0,18,3,8,65.37490716,0
57382947,1,0,1,1218.913264,0,0,0,7.10653504,0,0,0,0,0,0,0,0,0,1,288439.8008,0,0,0,0,0,0,0,0,0,0,0,0,21,2,8,36.16885795,0
59050390,1,0,1,8092.570963,0,0,0,8.998825317,0,0,0,0,0,0,0,0,0,1,104630.335,0,0,0,0,0,0,0,0,0,0,0,0,3,5,8,39.26975146,0
59088464,1,0,1,30.22179587,0,0,0,3.441116436,0,0,0,0,0,0,0,0,0,1,61156.095,0,0,0,0,0,0,0,0,0,0,0,0,21,2,7,59.2196466,0
59822043,1,0,1,60.71560307,0,0,0,4.122536785,0,0,0,0,0,0,0,0,0,1,51120.22859,0,0,0,0,0,0,0,0,0,0,0,0,22,4,7,64.18241336,0
59863246,9,4.567797819,0,180.4430441,568.80882,3.152290092,124.5258311,5.200941798,6.345300901,1.423660007,3.152290092,786.4552543,172.173832,1178.520006,258.0061669,39.80048273,0.640116172,0.768278131,5215.748715,110.6732232,234.7733599,69.99113459,-51.39749375,51.39749375,-234.7733599,17.43873952,0.627068023,-0.086336007,0.086336007,257.0427914,-22.27522216,20,1,6,57.08968793,0
59912474,1,0,1,54.84752845,0,0,0,4.022625271,0,0,0,0,0,0,0,0,0,1,656.9818864,0,0,0,0,0,0,0,0,0,0,0,0,21,1,9,13.10741699,1
60008113,1,0,1,103.6463435,0,0,0,4.650586508,0,0,0,0,0,0,0,0,0,1,498519.0561,0,0,0,0,0,0,0,0,0,0,0,0,0,6,3,60.07479443,0
60132804,13,4.819050849,0,1630.389625,2508.041442,1.538308024,520.4430335,7.397187461,7.827656064,0.931497726,1.538308024,1351.378212,280.4241446,2045.333109,424.4265464,93.8978041,0.997686885,-0.067977054,2798.867829,850.7350444,-1706.526611,-566.7109182,354.1208974,354.1208974,1706.526611,-116.9273861,0.502981471,0.902627768,0.902627768,-182.6825305,383.099186,20,2,7,1.262348174,1
60328541,1,0,1,45.54882601,0,0,0,3.840501783,0,0,0,0,0,0,0,0,0,1,218084.3377,0,0,0,0,0,0,0,0,0,0,0,0,3,5,7,65.71784847,0
60871141,7,2.086154759,0,148.8345819,27.61086754,0.185513791,13.23529207,5.009531898,3.35378663,0.170176259,0.185513791,61.12989145,29.30266375,110.4963194,52.96650159,80.91252605,0.98744836,0.157942194,868.6134046,1.14E-13,0,9.86E-14,0,0,0,-1.91E-13,0.285714286,-0.475472993,0.475472993,-46.59623732,-25.18414103,21,6,8,0.410032163,1
60883493,1,0,1,198.4636845,0,0,0,5.295632187,0,0,0,0,0,0,0,0,0,1,5404.553876,0,0,0,0,0,0,0,0,0,0,0,0,20,2,7,60.73052582,0
61186593,4,4.583171289,0,703.2834273,0,0,0,6.557180871,0,0,0,0,0,0,0,0,0,1,200228.8637,0,0,-8.10E-12,0,0,0,-1.32E-11,0,-0.9999948,0.9999948,0,0,20,2,7,63.89179342,0
61455506,1,0,1,98.47321455,0,0,0,4.599888407,0,0,0,0,0,0,0,0,0,1,152444.9474,0,0,0,0,0,0,0,0,0,0,0,0,19,4,6,66.64079076,0
62295471,1,0,1,42.95650733,0,0,0,3.783200675,0,0,0,0,0,0,0,0,0,1,3044.528632,0,0,0,0,0,0,0,0,0,0,0,0,21,3,7,0.132979024,1
62568772,5,4.491952683,0,42.59384916,0,0,0,3.774916066,0,0,0,0,0,0,0,0,0,1,1814.911174,0,0,-2.40E-13,0,0,0,3.60E-13,0,-0.842838261,0.842838261,0,0,22,3,5,0.376565957,1
62887976,3,4.645517888,0,0.665505878,0,0,0,0.510128908,0,0,0,0,0,0,0,0,0,1,2113.034653,0,0,4.79E-14,0,0,0,-2.19E-13,0,-0.757293941,0.757293941,0,0,21,3,7,3.320299727,1
63182365,1,0,1,1951.613874,0,0,0,7.576924202,0,0,0,0,0,0,0,0,0,1,2941.670461,0,0,0,0,0,0,0,0,0,0,0,0,19,5,8,45.33606271,1
64255332,1,0,1,131.7370173,0,0,0,4.888369857,0,0,0,0,0,0,0,0,0,1,158865.6281,0,0,0,0,0,0,0,0,0,0,0,0,23,1,7,33.39430561,0
64647602,2,4.527392191,0,18.9340762,0,0,0,2.992430639,0,0,0,0,0,0,0,0,0,1,275808.9152,0,0,-1.29E-11,0,0,0,0,0,-0.997275833,0.997275833,0,0,22,3,7,65.25434637,0
65120642,4,4.640813318,0,420.3987298,352.0324243,0.837377469,75.85576066,6.043579487,5.866559906,0.608339265,0.837377469,411.2388283,88.61352529,548.8348654,118.2626466,34.8475278,0.571394528,0.82067551,131497.0308,180.7129639,-435.8771141,-84.5482309,93.92257007,93.92257007,435.8771141,-94.18475437,0.658097146,0.796468885,0.796468885,71.51099965,94.19251833,17,2,6,2.483279284,0
66457746,2,3.76802964,0,9.314298977,0,0,0,2.333531183,0,0,0,0,0,0,0,0,0,1,572545.7207,0,0,0,0,0,0,0,0,0.495605877,0.495605877,0,0,21,5,3,34.5338026,0
66587029,1,0,1,3.707171434,0,0,0,1.549087183,0,0,0,0,0,0,0,0,0,1,83351.51571,0,0,0,0,0,0,0,0,0,0,0,0,6,1,5,26.38656247,0
66678641,1,0,1,123.4217475,0,0,0,4.823676984,0,0,0,0,0,0,0,0,0,1,2634.347322,0,0,0,0,0,0,0,0,0,0,0,0,5,1,8,7.488617355,1
66725353,1,0,1,2.062098004,0,0,0,1.119100303,0,0,0,0,0,0,0,0,0,1,1458.421526,0,0,0,0,0,0,0,0,0,0,0,0,16,2,7,55.17060979,1
67308425,1,0,1,13.1271772,0,0,0,2.648100403,0,0,0,0,0,0,0,0,0,1,2577.9704,0,0,0,0,0,0,0,0,0,0,0,0,18,1,8,3.362595622,1
67947674,2,3.068992391,0,3.166187127,0,0,0,1.427001259,0,0,0,0,0,0,0,0,0,1,5848.796495,0,0,0,0,0,0,0,0,-0.575537531,0.575537531,0,0,8,6,8,9.404261131,0
68486145,1,0,1,362.7645423,0,0,0,5.896506796,0,0,0,0,0,0,0,0,0,1,136030.9564,0,0,0,0,0,0,0,0,0,0,0,0,18,6,5,62.33355677,0
68898469,1,0,1,10.58053924,0,0,0,2.449326037,0,0,0,0,0,0,0,0,0,1,5906.668697,0,0,0,0,0,0,0,0,0,0,0,0,22,5,6,63.56438178,0
68911231,2,2.278508389,0,228.1224113,0,0,0,5.434256408,0,0,0,0,0,0,0,0,0,1,494.598176,0,0,0,0,0,0,0,0,-0.663145081,0.663145081,0,0,22,1,7,0.867176501,1
69453871,6,4.789218075,0,1668.669259,806.5518697,0.483350349,168.4099277,7.420380837,6.694007288,0.394303279,0.483350349,502.2554408,104.8721175,506.3735388,105.7319861,219.9974627,-0.642753685,-0.766072908,2504.418217,60.67008502,-121.34017,-32.07249168,25.33611294,25.33611294,121.34017,-12.95785387,0.677711083,0.326958766,0.326958766,-99.92080864,34.56999969,18,2,1,0.514906759,1
69696766,1,0,1,202.7049041,0,0,0,5.316672398,0,0,0,0,0,0,0,0,0,1,13840.82208,0,0,0,0,0,0,0,0,0,0,0,0,21,3,6,20.46423758,0
69788114,1,0,1,51.47044277,0,0,0,3.960250016,0,0,0,0,0,0,0,0,0,1,2186.942206,0,0,0,0,0,0,0,0,0,0,0,0,16,2,7,20.87294374,1
69938994,1,0,1,6.464945749,0,0,0,2.010218164,0,0,0,0,0,0,0,0,0,1,1373.487966,0,0,0,0,0,0,0,0,0,0,0,0,15,1,7,3.667386218,1
70156135,1,0,1,57.65928661,0,0,0,4.071745902,0,0,0,0,0,0,0,0,0,1,412694.9196,0,0,0,0,0,0,0,0,0,0,0,0,18,2,3,18.91827401,0
70401139,12,2.93229394,0,29.96597679,536.082195,17.88969533,182.820074,3.432889079,6.286151146,2.938616521,17.88969533,1033.462624,352.4416873,1744.887012,595.0586973,99.55594694,0.986123969,-0.166010594,644.9376891,0,0,-1.28E-13,0,0,0,3.54E-13,0,-0.884950079,0.884950079,277.1104457,-526.5972409,22,6,6,1.938121585,1
71012530,1,0,1,0.167018548,0,0,0,0.154452247,0,0,0,0,0,0,0,0,0,1,312721.2946,0,0,0,0,0,0,0,0,0,0,0,0,0,4,4,12.24232216,0
71424445,3,4.710365445,0,259.3559091,33.11973536,0.127699945,7.031245398,5.562049576,3.529875966,0.120180111,0.127699945,56.27162701,11.94633997,73.1419084,15.52786281,271.4531888,-0.999678378,0.025360209,3175.968041,33.24728461,70.52814121,13.42234784,-14.9729659,14.9729659,-70.52814121,17.02605263,0.615582587,-0.963147397,0.963147397,-4.176593668,-14.95562064,10,2,6,1.469195425,1
71782873,2,1.57532289,0,0.037524838,0,0,0,0.036837913,0,0,0,0,0,0,0,0,0,1,194325.2169,0,0,-1.85E-11,0,0,0,0,0,-0.971577319,0.971577319,0,0,21,3,8,55.06555553,0
72668739,1,0,1,1.556149693,0,0,0,0.9385021,0,0,0,0,0,0,0,0,0,1,11947.86964,0,0,0,0,0,0,0,0,0,0,0,0,23,5,8,36.9585466,0
72709271,2,2.028575971,0,151.2698663,0,0,0,5.025654383,0,0,0,0,0,0,0,0,0,1,14843.57266,0,0,0,0,0,0,0,0,0.492499627,0.492499627,0,0,20,5,5,64.44994045,0
72762907,1,0,1,13.61403289,0,0,0,2.681982224,0,0,0,0,0,0,0,0,0,1,31058.89243,0,0,0,0,0,0,0,0,0,0,0,0,22,6,7,43.81576297,0
73046875,1,0,1,672.4503447,0,0,0,6.512414266,0,0,0,0,0,0,0,0,0,1,8267.460739,0,0,0,0,0,0,0,0,0,0,0,0,21,6,8,66.60121243,0
73362817,1,0,1,67.56053893,0,0,0,4.227717135,0,0,0,0,0,0,0,0,0,1,1464.568356,0,0,0,0,0,0,0,0,0,0,0,0,19,1,7,19.56184915,1
73464738,1,0,1,42.85269428,0,0,0,3.78083616,0,0,0,0,0,0,0,0,0,1,295594.5374,0,0,0,0,0,0,0,0,0,0,0,0,19,6,7,65.6977524,0
74520040,1,0,1,7197.117884,0,0,0,8.881574866,0,0,0,0,0,0,0,0,0,1,27514.33903,0,0,0,0,0,0,0,0,0,0,0,0,9,4,6,63.38346976,0
74572738,12,1.221002346,0,18.01312581,3.32796432,0.184752183,2.725600268,2.945129573,1.465097298,0.169533616,0.184752183,21.18275058,17.34865675,38.03504664,31.15067451,283.5499182,-0.972166165,0.23429244,488007.479,18.40216563,37.93643827,42.8996168,-31.06991432,31.06991432,-37.93643827,16.71922764,0.76259951,-0.997401885,0.997401885,-2.244033517,-31.06974148,23,4,4,32.57303382,0
75429514,1,0,1,2221.464477,0,0,0,7.706371984,0,0,0,0,0,0,0,0,0,1,42221.41446,0,0,0,0,0,0,0,0,0,0,0,0,18,1,5,65.33281997,0
76217490,2,2.024599034,0,23.74096897,0,0,0,3.208460532,0,0,0,0,0,0,0,0,0,1,8292.770207,0,0,-4.49E-13,0,0,0,0,0,0.073442141,0.073442141,0,0,18,1,8,62.41916849,0
76322687,1,0,1,288.2660057,0,0,0,5.6673467,0,0,0,0,0,0,0,0,0,1,617974.7365,0,0,0,0,0,0,0,0,0,0,0,0,23,3,7,64.78061228,0
76903640,1,0,1,296.4579626,0,0,0,5.695272913,0,0,0,0,0,0,0,0,0,1,212682.3039,0,0,0,0,0,0,0,0,0,0,0,0,22,3,7,62.70764026,0
77028404,7,4.073753183,0,149.9588516,-2.16E-05,-1.44E-07,-5.29E-06,5.017007294,0,-1.44E-07,-1.44E-07,-4.97E-05,-1.22E-05,0.002270919,0.000557451,234.897486,-0.818124487,-0.57504115,306.9545512,0,0,-2.85E-14,0,0,0,-8.24E-14,0,0.976197005,0.976197005,-0.000120903,0.000544182,21,1,6,2.9800083,1
78390748,1,0,1,31.53884239,0,0,0,3.482434526,0,0,0,0,0,0,0,0,0,1,98828.35648,0,0,0,0,0,0,0,0,0,0,0,0,23,0,6,38.52526441,0
78849751,1,0,1,19.50334398,0,0,0,3.020587994,0,0,0,0,0,0,0,0,0,1,318819.4622,0,0,0,0,0,0,0,0,0,0,0,0,20,3,7,25.41608607,0
79439605,1,0,1,47.76864945,0,0,0,3.887087677,0,0,0,0,0,0,0,0,0,1,10266.03447,0,0,0,0,0,0,0,0,0,0,0,0,21,0,7,38.43535787,0
79655801,1,0,1,166.2467361,0,0,0,5.119470184,0,0,0,0,0,0,0,0,0,1,251409.5159,0,0,0,0,0,0,0,0,0,0,0,0,21,6,8,62.77376127,0
80054307,1,0,1,421.2730088,0,0,0,6.045652045,0,0,0,0,0,0,0,0,0,1,178447.707,0,0,0,0,0,0,0,0,0,0,0,0,20,6,7,58.94130613,0
80087496,1,0,1,258.1509073,0,0,0,5.557410546,0,0,0,0,0,0,0,0,0,1,186960.0794,0,0,0,0,0,0,0,0,0,0,0,0,21,5,8,66.79014055,0
80232624,1,0,1,928.6692723,0,0,0,6.834828902,0,0,0,0,0,0,0,0,0,1,330902.6569,0,0,0,0,0,0,0,0,0,0,0,0,13,0,3,20.96051776,0
80265452,1,0,1,188.7836465,0,0,0,5.245884721,0,0,0,0,0,0,0,0,0,1,7892.655684,0,0,0,0,0,0,0,0,0,0,0,0,1,0,6,62.88532225,0
80340843,1,0,1,82.68564452,0,0,0,4.427067452,0,0,0,0,0,0,0,0,0,1,520347.4391,0,0,0,0,0,0,0,0,0,0,0,0,22,0,8,15.7048571,0
80550714,17,3.16456337,0,53.94587459,280.2954751,5.195864877,88.57319077,4.006348602,5.63940563,1.823882099,5.195864877,617.0814083,194.9973302,744.1996197,235.1666036,133.572373,0.7245043,-0.68927028,562.9044336,0,0,1.48E-13,0,0,0,-8.68E-14,0,0.637210659,0.637210659,181.2404734,149.8506665,18,0,6,3.27495127,1
80745551,1,0,1,13.61270592,0,0,0,2.681891419,0,0,0,0,0,0,0,0,0,1,97021.67489,0,0,0,0,0,0,0,0,0,0,0,0,16,4,8,62.84103973,0
80823027,1,0,1,1777.623176,0,0,0,7.483594847,0,0,0,0,0,0,0,0,0,1,121375.3566,0,0,0,0,0,0,0,0,0,0,0,0,21,1,7,38.63661723,0
81413445,1,0,1,158.6028444,0,0,0,5.072688507,0,0,0,0,0,0,0,0,0,1,402419.9953,0,0,0,0,0,0,0,0,0,0,0,0,21,1,4,0.374486083,0
81541989,1,0,1,4.875967368,0,0,0,1.770870705,0,0,0,0,0,0,0,0,0,1,31135.44137,0,0,0,0,0,0,0,0,0,0,0,0,23,4,7,65.69899317,0
82428611,1,0,1,0.277086353,0,0,0,0.244581196,0,0,0,0,0,0,0,0,0,1,143600.0851,0,0,0,0,0,0,0,0,0,0,0,0,13,1,3,64.58061198,0
82440747,1,0,1,1925.574101,0,0,0,7.563498628,0,0,0,0,0,0,0,0,0,1,5719.205918,0,0,0,0,0,0,0,0,0,0,0,0,0,2,9,15.15400424,0
82683747,2,4.085600499,0,55.50900844,0,0,0,4.034400067,0,0,0,0,0,0,0,0,0,1,337738.0983,0,0,-7.12E-12,0,0,0,0,0,-0.785817325,0.785817325,0,0,22,2,6,50.51911319,0
83950561,1,0,1,424.9636375,0,0,0,6.054353985,0,0,0,0,0,0,0,0,0,1,1181.223495,0,0,0,0,0,0,0,0,0,0,0,0,18,6,5,14.323375,1
84048308,1,0,1,1116.965118,0,0,0,7.019265453,0,0,0,0,0,0,0,0,0,1,496409.0535,0,0,0,0,0,0,0,0,0,0,0,0,20,2,3,58.41185306,0
84366259,5,4.559604697,0,34.69386915,0,0,0,3.574978942,0,0,0,0,0,0,0,0,0,1,4186.392118,0,0,-2.77E-13,0,0,0,-4.64E-13,0,0.501443655,0.501443655,0,0,17,4,8,0.539167404,1
84486575,1,0,1,632.9734652,0,0,0,6.452007101,0,0,0,0,0,0,0,0,0,1,363654.4804,0,0,0,0,0,0,0,0,0,0,0,0,18,3,8,43.35753942,0
84940844,12,1.921278439,0,28.59542448,59.66529573,2.086532961,31.05499677,3.387619771,4.1053718,1.127048418,2.086532961,228.3415557,118.8487577,415.350696,216.1845402,49.96744465,0.765679089,0.643222771,816.1996039,0,0,-1.74E-13,0,0,0,5.87E-13,0,-0.15964878,0.15964878,-213.4117311,-34.51359808,0,5,5,0.292272147,1
84946127,2,1.875678091,0,27.02811628,0,0,0,3.333208159,0,0,0,0,0,0,0,0,0,1,2575.874517,0,0,-2.42E-13,0,0,0,0,0,0.964105731,0.964105731,0,0,22,6,8,0.717695017,1
85577091,1,0,1,59.0891479,0,0,0,4.095829258,0,0,0,0,0,0,0,0,0,1,52204.46335,0,0,0,0,0,0,0,0,0,0,0,0,22,5,7,63.93870559,0
85752079,7,4.163252491,0,114.0678938,0.002759904,2.42E-05,0.00066292,4.745522335,0.002756102,2.42E-05,2.42E-05,0.007289617,0.001750943,0.010016596,0.002405954,120.1686715,0.864549716,-0.502547299,1986.208476,0.002136447,-0.006105405,-0.000874013,0.001466499,0.001466499,0.006105405,-0.001403661,0.278653563,0.610489425,0.610489425,-0.001905575,0.00146881,22,6,7,2.059227286,1
86479991,1,0,1,1132.266208,0,0,0,7.032859192,0,0,0,0,0,0,0,0,0,1,24291.79838,0,0,0,0,0,0,0,0,0,0,0,0,21,3,7,66.66294359,0
86806129,1,0,1,457.4811283,0,0,0,6.127919131,0,0,0,0,0,0,0,0,0,1,1950.31682,0,0,0,0,0,0,0,0,0,0,0,0,18,1,7,21.52954398,1
86957035,1,0,1,496.2688099,0,0,0,6.209130745,0,0,0,0,0,0,0,0,0,1,2472.349087,0,0,0,0,0,0,0,0,0,0,0,0,2,1,8,0.007176217,1
87010233,1,0,1,344.7709003,0,0,0,5.845776418,0,0,0,0,0,0,0,0,0,1,8717.567022,0,0,0,0,0,0,0,0,0,0,0,0,22,6,8,55.56569673,0
87095211,1,0,1,1458.731319,0,0,0,7.28600767,0,0,0,0,0,0,0,0,0,1,580998.2257,0,0,0,0,0,0,0,0,0,0,0,0,4,6,7,37.01667004,0
90380661,1,0,1,68.79647816,0,0,0,4.245583552,0,0,0,0,0,0,0,0,0,1,158184.0734,0,0,0,0,0,0,0,0,0,0,0,0,15,2,8,46.5305708,0
90654456,1,0,1,9082.076151,0,0,0,9.114168197,0,0,0,0,0,0,0,0,0,1,164450.5866,0,0,0,0,0,0,0,0,0,0,0,0,5,4,7,56.88385168,0
90827686,2,0.911585599,0,0.69620981,0,0,0,0.528396238,0,0,0,0,0,0,0,0,0,1,286020.1918,0,0,-3.19E-11,0,0,0,0,0,-0.998490051,0.998490051,0,0,0,1,9,65.67624521,0
91055825,1,0,1,17.85955625,0,0,0,2.937019748,0,0,0,0,0,0,0,0,0,1,219317.0015,0,0,0,0,0,0,0,0,0,0,0,0,20,6,6,62.98938772,0
91497993,1,0,1,292.8141033,0,0,0,5.682947266,0,0,0,0,0,0,0,0,0,1,20264.20431,0,0,0,0,0,0,0,0,0,0,0,0,20,2,8,61.30669916,0
91772155,1,0,1,1504.498816,0,0,0,7.316879562,0,0,0,0,0,0,0,0,0,1,360853.846,0,0,0,0,0,0,0,0,0,0,0,0,23,5,7,66.49997358,0
92588540,2,4.111124704,0,5.551144615,0,0,0,1.879639785,0,0,0,0,0,0,0,0,0,1,2444.541453,0,0,-1.11E-13,0,0,0,0,0,0.815212366,0.815212366,0,0,15,4,8,3.707196734,1
93260759,1,0,1,758.9438448,0,0,0,6.633244542,0,0,0,0,0,0,0,0,0,1,15878.56115,0,0,0,0,0,0,0,0,0,0,0,0,16,3,8,62.83652906,0
93408578,1,0,1,866.800529,0,0,0,6.765961883,0,0,0,0,0,0,0,0,0,1,1148.94066,0,0,0,0,0,0,0,0,0,0,0,0,20,0,5,14.84462115,1
94404349,1,0,1,44.62916563,0,0,0,3.820547109,0,0,0,0,0,0,0,0,0,1,3328.494334,0,0,0,0,0,0,0,0,0,0,0,0,0,0,9,11.82923637,1
94424495,1,0,1,6.536042232,0,0,0,2.019697141,0,0,0,0,0,0,0,0,0,1,7509.221711,0,0,0,0,0,0,0,0,0,0,0,0,0,1,7,18.70687847,0
94488511,5,4.921365767,0,2.374140883,0,0,0,1.216140739,0,0,0,0,0,0,0,0,0,1,209573.7267,0,0,3.12E-11,0,0,0,-5.29E-12,0,-0.999989887,0.999989887,0,0,16,0,9,64.78250936,0
95839532,1,0,1,42.28722321,0,0,0,3.767857516,0,0,0,0,0,0,0,0,0,1,5639.409208,0,0,0,0,0,0,0,0,0,0,0,0,23,1,8,66.09454981,0
96270286,1,0,1,3403.021842,0,0,0,8.132712906,0,0,0,0,0,0,0,0,0,1,196116.7787,0,0,0,0,0,0,0,0,0,0,0,0,20,1,7,65.01258682,0
96372213,1,0,1,169.688297,0,0,0,5.139839069,0,0,0,0,0,0,0,0,0,1,325976.7111,0,0,0,0,0,0,0,0,0,0,0,0,21,0,6,43.1098302,0
97075632,1,0,1,51.29519503,0,0,0,3.956904494,0,0,0,0,0,0,0,0,0,1,280232.1929,0,0,0,0,0,0,0,0,0,0,0,0,17,6,6,66.34062444,0
97362560,2,1.12710234,0,1.176990631,0,0,0,0.777943479,0,0,0,0,0,0,0,0,0,1,4544.949069,0,0,-1.21E-12,0,0,0,0,0,-0.277779432,0.277779432,0,0,18,1,7,5.694898474,1
97805715,2,3.710652745,0,71.94693013,0,0,0,4.289732192,0,0,0,0,0,0,0,0,0,1,6031.675383,0,0,0,0,0,0,0,0,0.694608774,0.694608774,0,0,18,1,9,44.0112531,0
99071478,1,0,1,20.22365921,0,0,0,3.05511656,0,0,0,0,0,0,0,0,0,1,4673.854411,0,0,0,0,0,0,0,0,0,0,0,0,15,0,8,22.97578308,1
99339733,1,0,1,902.231688,0,0,0,6.805979096,0,0,0,0,0,0,0,0,0,1,319890.1356,0,0,0,0,0,0,0,0,0,0,0,0,21,1,7,0.617344474,0
